Distance (m),Elevation (m),Latitude,Longitude
0,10.38989543914795,-27.49728,153.01900999999998
446.5517277091482,10.82764339447021,-27.49463715747024,153.01588275239828
893.1034554182964,13.02972507476807,-27.49466469630156,153.01130983634482
1339.6551831274446,9.00675106048584,-27.49397075425617,153.00679110372653
1786.206910836593,11.82650089263916,-27.49449506037102,153.0022829670702
2232.758638545741,19.17504692077637,-27.49346989087699,152.997996532338
2679.3103662548892,10.18051528930664,-27.49167404697786,152.99403613933498
3125.8620939640377,13.97004222869873,-27.48773260236488,152.99290121564195
3572.413821673186,14.61376571655273,-27.48424715863942,152.99468928585475
4018.965549382334,3.269042015075684,-27.481354995749,152.99786070103744
4465.517277091482,6.496493339538574,-27.47819189395396,153.00074401926827
4912.069004800631,7.402894020080566,-27.47502873276521,153.0036271719307
5358.6207325097785,14.48400115966797,-27.47199580362904,153.00666784066243
5805.172460218927,8.148012161254883,-27.46921968478648,153.01001922793375
6251.7241879280755,13.45918750762939,-27.46538170046263,153.01078253015828
6698.275915637223,17.78536605834961,-27.4613619649489,153.011486639616
7144.827643346372,40.04388427734375,-27.4579865270887,153.0136277847414
7591.37937105552,26.6084041595459,-27.45717488480526,153.0180017674976
8037.931098764668,25.03505706787109,-27.45602724014819,153.02231139751507
8484.482826473817,17.58720397949219,-27.45268122593688,153.02468178905508
8931.034554182965,18.05908393859863,-27.450656418053,153.02865776252133
9377.586281892112,10.882887840271,-27.44722494598982,153.03111176087987
9824.138009601262,4.95761775970459,-27.44319490287588,153.03140809186584
10270.68973731041,14.19297218322754,-27.43913007443822,153.03158810630214
10717.241465019557,15.93091011047363,-27.43506614907716,153.03179312896714
11163.793192728706,19.32599830627441,-27.43101018341395,153.03207946830003
11610.344920437854,29.68563842773438,-27.42700425109568,153.03287701466877
12056.896648147002,29.98154067993164,-27.42299831423887,153.03367450316455
12503.448375856151,26.97212219238281,-27.4191376627677,153.03511182807313
12950.000103565299,15.52757549285889,-27.41529856370633,153.03586365426906
13396.551831274446,20.46640777587891,-27.41165653342576,153.03382630005603
13843.103558983596,20.62111473083496,-27.40788644737161,153.03219771840486
14289.655286692743,26.88584327697754,-27.40383434813016,153.03179300439524
14736.20701440189,28.1221923828125,-27.39977945454435,153.03145358510403
15182.75874211104,19.92871856689453,-27.39571158465359,153.03141737110536
15629.310469820188,30.92030715942383,-27.39164371475346,153.0313811597715
16075.862197529335,29.13043785095215,-27.38761168680612,153.03086514460256
16522.413925238485,27.53107261657715,-27.38359562335018,153.03013541940834
16968.965652947634,23.27831077575684,-27.37962277261837,153.02916345691176
17415.51738065678,33.64447021484375,-27.3764384429693,153.0266142548844
17862.06910836593,35.85737991333008,-27.37368222995614,153.0232449776953
18308.62083607508,38.18640899658203,-27.37069389167626,153.0201384906337
18755.172563784225,31.50786209106445,-27.3676064529966,153.01727417824202
19201.724291493374,28.4669246673584,-27.36354260531252,153.01706802217086
19648.276019202523,23,-27.35949519116297,153.01660783577393
20094.82774691167,22.77734375,-27.35546416989794,153.0160599167167
20541.37947462082,29.95064163208008,-27.3515950116737,153.01464549845787
20987.931202329968,36.34770965576172,-27.34772583920148,153.01323117901165
21434.482930039114,25.75509262084961,-27.34385665248464,153.0118169583552
21881.034657748263,20,-27.3398830472762,153.01087834918485
22327.586385457413,20.17009353637695,-27.3358754711602,153.01020741374214
22774.13811316656,17.02327156066895,-27.33188676002519,153.0111071070362
23220.689840875708,14.33296585083008,-27.32789804312818,153.01200673558924
23667.241568584857,15.42909049987793,-27.32390932047055,153.01290629941718
24113.793296294003,13.27372360229492,-27.31987693716124,153.01287005613028
24560.345024003153,10.29192447662354,-27.31582644648319,153.01244573998247
25006.896751712302,9.688399314880371,-27.31177595452401,153.0120214548192
25453.448479421448,9.405549049377441,-27.30794975713141,153.01309088911182
25900.000207130597,8.98501205444336,-27.3042343445101,153.01494882558688
26346.551934839747,5.01046085357666,-27.30034592806402,153.01629401206822
26793.103662548892,4.658931255340576,-27.29643794499022,153.01755592027428
27239.65539025804,1.758980512619019,-27.29246708539132,153.01855030361526
27686.20711796719,12.38301944732666,-27.28849621876058,153.01954461584194
28132.758845676337,5.887532711029053,-27.28452803380214,153.02026822984953
28579.310573385486,9.956554412841797,-27.28057789725787,153.0191744305332
29025.862301094636,13.71498012542725,-27.27662775220794,153.01808070899312
29472.41402880378,8.391677856445312,-27.27259132111163,153.01794624072534
29918.96575651293,17.00113677978516,-27.26852650828831,153.0181272854004
30365.51748422208,21.61948585510254,-27.26446169523205,153.01830831683515
30812.069211931226,31.4965991973877,-27.26039688194288,153.01848933503288
31258.620939640376,28.9100227355957,-27.25633165030479,153.01846226280793
31705.172667349525,19.84914970397949,-27.25226615071027,153.018301943575
32151.72439505867,10.52065753936768,-27.24836672503515,153.01765210953988
32598.27612276782,17.5532054901123,-27.24523977992143,153.01472527743226
33044.82785047697,20.48116683959961,-27.24219301888149,153.0116994869586
33491.37957818612,30.14371681213379,-27.23931022060644,153.00847124116513
33937.93130589527,31.26728057861328,-27.23630562803411,153.00543575115512
34384.48303360441,33.2182731628418,-27.23264748106113,153.0034344007238
34831.03476131356,33.02051544189453,-27.22898930564593,153.00143318181244
35277.58648902271,38.42284774780273,-27.22533110179486,152.9994320943929
35724.13821673186,29.10744285583496,-27.22167286951423,152.9974311384368
36170.68994444101,23.22784805297852,-27.21801460881038,152.9954303139159
36617.24167215016,24.25828742980957,-27.21435631968964,152.99342962080186
37063.7933998593,26.94759750366211,-27.21069800215833,152.9914290590666
37510.34512756845,35.52031326293945,-27.20672226944987,152.99047994543537
37956.8968552776,30.62854957580566,-27.20273687543561,152.98956287974966
38403.44858298675,35.87869262695312,-27.19875147545386,152.98864587963624
38850.0003106959,31.45541381835938,-27.19476606950607,152.98772894507897
39296.55203840505,24.46598243713379,-27.1907806575937,152.98681207606205
39743.10376611419,35.68136596679688,-27.18682344792184,152.98575355999708
40189.65549382334,35.84805297851562,-27.18287056296248,152.98467335242572
40636.20722153249,26.02160835266113,-27.17891766972772,152.98359322139606
41082.75894924164,18.93295288085938,-27.17496476821953,152.98251316688993
41529.31067695079,17.40433311462402,-27.17101185843992,152.98143318888924
41975.862404659936,15.34057998657227,-27.16706335093874,152.98033325903475
42422.41413236908,10.77959060668945,-27.16311868284327,152.97921593320348
42868.96586007823,13.40614795684814,-27.15917400589827,152.97809868631248
43315.51758778738,11.10148429870605,-27.15513765741001,152.97790273270743
43762.06931549653,13.46611785888672,-27.15107084287081,152.97801295530485
44208.621043205676,15.98165893554688,-27.14700432443345,152.97808682879952
44655.172770914825,17.11202621459961,-27.14293998824549,152.97789293040864
45101.72449862397,18.87539863586426,-27.13887565179117,152.97769904612028
45548.27622633312,20.98135948181152,-27.13481131507054,152.9775051759309
45994.827954042266,17.67096138000488,-27.13074697808367,152.97731131983699
46441.379681751416,11.0820255279541,-27.12668264083061,152.97711747783512
46887.931409460565,12.86061859130859,-27.12261830331147,152.97692364992167
47334.483137169715,11.01541137695312,-27.11855396552627,152.97672983609334
47781.03486487886,20.18649482727051,-27.1144896274751,152.9765360363465
48227.586592588006,16.88224220275879,-27.11042528915802,152.9763422506777
48674.138320297156,8.664982795715332,-27.10636095057509,152.97614847908346
49120.690048006305,19.89366149902344,-27.10229661172638,152.97595472156036
49567.241775715454,12.9850025177002,-27.09823227261197,152.97576097810486
50013.793503424604,10,-27.09416793323189,152.97556724871356
50460.345231133746,4.996284008026123,-27.09010359358625,152.97537353338294
50906.896958842895,12.1642017364502,-27.08604649610932,152.9756349603083
51353.448686552045,8.132840156555176,-27.08199091403675,152.97599164884298
51800.000414261194,10.94831275939941,-27.07793533106417,152.97634831155892
52246.552141970344,11.5666618347168,-27.07387974719179,152.97670494846238
52693.10386967949,10.00188446044922,-27.06982416241983,152.97706155956007
53139.655597388635,10.48721027374268,-27.06576857674851,152.977418144858
53586.207325097785,10.58544158935547,-27.06170142206874,152.97746803075302
54032.759052806934,8,-27.05763351202147,152.97749788965996
54479.31078051608,12.26186180114746,-27.0535656019679,152.9775277464014
54925.86250822523,14,-27.04949769190802,152.97755760097766
55372.41423593438,20.8166561126709,-27.04542978184184,152.97758745338933
55818.965963643524,32.52021026611328,-27.04136217981673,152.9775538405887
56265.517691352674,40.32003784179688,-27.03729480110736,152.9774742174434
56712.06941906182,43.56016540527344,-27.03322742235321,152.9773946000672
57158.62114677097,35.52177429199219,-27.02916004355426,152.97731498845872
57605.17287448012,25.4534912109375,-27.02509266471053,152.97723538261653
58051.72460218927,27.57589721679688,-27.02102528582205,152.97715578253906
58498.27632989842,26.0087718963623,-27.0169579068888,152.97707618822506
58944.82805760756,22.48635482788086,-27.01289052791082,152.97699659967316
59391.37978531671,26.99166488647461,-27.0088258163056,152.9770888553013
59837.93151302586,23.30631446838379,-27.00476337557638,152.97732741228742
60284.48324073501,17.96966934204102,-27.00070093444536,152.97756595203396
60731.03496844416,16.75758171081543,-26.99663849291263,152.97780447454534
61177.58669615331,19.08959007263184,-26.9925760509783,152.97804297982566
61624.13842386245,26.23991775512695,-26.98853397304514,152.97843346809805
62070.6901515716,34.40487670898438,-26.98458864068611,152.97954605344262
62517.24187928075,33.72446441650391,-26.98064329959189,152.98065856077073
62963.7936069899,24.32785987854004,-26.97669794976461,152.9817709901008
63410.34533469905,28.13779640197754,-26.97275259120636,152.9828833414516
63856.8970624082,25.65554618835449,-26.96880722391923,152.98399561484143
64303.44879011734,24.49368095397949,-26.96487028741584,152.98514263941297
64750.00051782649,22.12310600280762,-26.96096610243883,152.98642478528654
65196.55224553564,28.50277900695801,-26.9570619058682,152.9877068422819
65643.10397324478,22.94881820678711,-26.95315913917603,152.98899421227316
66089.65570095394,19.27654647827148,-26.94926926446015,152.9903298492428
66536.20742866308,16.4940128326416,-26.94537937716683,152.9916653940121
66982.75915637224,14.77510738372803,-26.94139126679307,152.99250237578644
67429.31088408138,15.42385387420654,-26.93736196257063,152.99313024633977
67875.86261179054,16.5792293548584,-26.9333075340478,152.99342371288446
68322.41433949968,14.04170322418213,-26.92924138279256,152.99356114564387
68768.96606720882,21.75294494628906,-26.92520837945423,152.9940657274757
69215.51779491798,21.60153198242188,-26.92120020248135,152.99484528644177
69662.06952262712,20.92490005493164,-26.9171920212269,152.99562479002498
70108.62125033628,18.4888858795166,-26.91318383569195,152.9964042382387
70555.17297804542,17.55364799499512,-26.90925095994537,152.99753209219875
71001.72470575456,19.00399971008301,-26.90536936463205,152.9988971754575
71448.27643346372,17.75910186767578,-26.9014877561953,153.0002621648623
71894.82816117286,24.88712120056152,-26.89760613463822,153.00162706043488
72341.37988888202,19.04805946350098,-26.89372449996391,153.00299186219718
72787.93161659116,17.7616081237793,-26.88984285217547,153.00435657017113
73234.48334430032,16.58048057556152,-26.88596119127603,153.00572118437844
73681.03507200946,16.89251518249512,-26.88203309457909,153.00689597720486
74127.5867997186,13.08588314056396,-26.8780737564331,153.00794304601754
74574.13852742776,13.71570301055908,-26.87415663004058,153.0091407874463
75020.6902551369,12.08255577087402,-26.87037404929046,153.01081888523527
75467.24198284606,11.92851638793945,-26.86662627316674,153.01257027412635
75913.7937105552,11.53245735168457,-26.86327056002256,153.01514799616507
76360.34543826434,11.19940662384033,-26.8600060905556,153.01784897543644
76806.8971659735,11.96689510345459,-26.85712508315103,153.02106825936585
77253.44889368264,13.8147439956665,-26.85424400284779,153.02428737935372
77700.0006213918,17.84866714477539,-26.85081259837797,153.02671739928223
78146.55234910094,17.36417579650879,-26.84733024065516,153.02907427597768
78593.1040768101,16.87490081787109,-26.843501134944,153.03049676977798
79039.65580451924,16.07858467102051,-26.83955473365101,153.0316031481068
79486.20753222838,17.17724990844727,-26.83560100985869,153.03267545603467
79932.75925993753,22.32766914367676,-26.83163839190565,153.03370638862987
80379.31098764668,20.39599800109863,-26.82767576648178,153.03473724909634
80825.86271535583,31.65909385681152,-26.82371313358886,153.03576803745113
81272.41444306498,24.02430534362793,-26.81975049322874,153.03679875371154
81718.96617077412,21.30771255493164,-26.81578784540318,153.03782939789494
82165.51789848327,17.57361030578613,-26.811825190114,153.03885997001862
82612.06962619242,14.18170166015625,-26.807862527363,153.03989047009986
83058.62135390157,14.77170085906982,-26.80393623438932,153.04107345682132
83505.17308161072,18.78643608093262,-26.80004285169464,153.04239442286246
83951.72480931987,31.02875518798828,-26.79614945674421,153.04371529822163
84398.27653702901,28.95594596862793,-26.79220015906943,153.0447134126639
84844.82826473816,29.35830116271973,-26.78814836834611,153.04511978648156
85291.37999244731,26.28014945983887,-26.78411539153906,153.04479632544667
85737.93172015646,20.50233459472656,-26.78009128411054,153.0441287617822
86184.48344786561,18.94836807250977,-26.77606717355365,153.04346124544236
86631.03517557475,15.55409240722656,-26.77204305986916,153.0427937764157
87077.58690328391,14.86441421508789,-26.77308938058202,153.04307710799935
87524.13863099305,12.11232852935791,-26.77269952338511,153.04758993621942
87970.6903587022,16.8554515838623,-26.77343474371427,153.0520713616586
88417.24208641135,21.67922782897949,-26.77491665459694,153.05620710645883
88863.7938141205,33.38601303100586,-26.77722085393675,153.0599622572705
89310.34554182965,14.2491512298584,-26.77888227952322,153.06401171859977
89756.8972695388,11.31507301330566,-26.77958534165535,153.0684998572808
90203.44899724794,9.169201850891113,-26.78028826237248,153.07298805154574
90650.00072495709,11.41157531738281,-26.78084652672912,153.07749323592725
91096.55245266623,21.9754581451416,-26.78172585376617,153.0819072404554
91543.10418037539,39.58633804321289,-26.7829399751425,153.08625605030716
91989.65590808453,35.87645721435547,-26.78439587393061,153.09051110346286
92436.20763579369,69.10599517822266,-26.78585164559325,153.09476626577384
92882.75936350283,59.77939605712891,-26.78566440755912,153.0989907237447
93329.31109121197,51.56375122070312,-26.78428145414174,153.10318708774264
93775.86281892113,45.37454223632812,-26.78562679513033,153.10747435216
94222.41454663027,49.87247085571289,-26.78627977428495,153.1119573350427
94668.96627433943,54.31242370605469,-26.78588550066263,153.11603650788993
95115.51800204857,29.36855697631836,-26.78886638763212,153.11912026076584
95562.06972975771,32.40969085693359,-26.79215249623775,153.1217893948832
96008.62145746687,29.72728538513184,-26.79359264520251,153.1256926778882
96455.17318517601,23.71126174926758,-26.79419482427597,153.13019976689282
96901.72491288517,28.3099193572998,-26.79606501821006,153.13401300720352
97348.27664059431,35.76525497436523,-26.79809555124134,153.13780924051093
97794.82836830347,27.42299842834473,-26.79929386432246,153.14204501024255
98241.38009601261,32.52041244506836,-26.7990441362534,153.14098627940507
98687.93182372175,31.91370391845703,-26.79798147779073,153.13658704154784
99134.48355143091,23.18270874023438,-26.79529793209751,153.1332722194502
99581.03527914005,23.85147094726562,-26.79426120476766,153.12902285159566
100027.58700684921,32.84718322753906,-26.79367074504218,153.12451381415474
100474.13873455835,34.82738876342773,-26.79119541636038,153.12098428134937
100920.69046226749,38.05595397949219,-26.78817727358451,153.11793339966493
101367.24218997665,56.69685363769531,-26.78572556820763,153.11496485838336
101813.79391768579,44.17893218994141,-26.78603193576178,153.11055949491276
102260.34564539495,43.16423034667969,-26.78544207673028,153.10605257795316
102706.89737310409,59.71667098999023,-26.78466774477439,153.10178378093406
103153.44910081325,59.57231903076172,-26.78594983597898,153.09749512390113
103600.00082852239,60.77355575561523,-26.78539846612621,153.0932745812952
104046.55255623153,42.5633659362793,-26.78391761156371,153.08903031121156
104493.10428394069,34.64529037475586,-26.78243663052734,153.0847861518772
104939.65601164983,16.6505184173584,-26.78183458069288,153.0802950187947
105386.20773935899,12.68869113922119,-26.78116908416353,153.07580229984865
105832.75946706813,9.771872520446777,-26.78040027320698,153.07132764753874
106279.31119477727,11.79336357116699,-26.7796313216847,153.06685305584165
106725.86292248643,18.6290225982666,-26.77863531845298,153.0624733804883
107172.41465019557,26.89792442321777,-26.77659929613975,153.0585285218217
107618.96637790473,11.66658878326416,-26.77452868690033,153.0546067001709
108065.51810561387,11.96162700653076,-26.77297848343024,153.0505139226982
108512.06983332302,13.2978343963623,-26.77287463733347,153.04597201426554
108958.62156103217,14.74867820739746,-26.77313229624123,153.0414345208144
109405.17328874131,34.43082809448242,-26.77441839709689,153.03737553219412
109851.72501645047,34.62272644042969,-26.77641752619068,153.0334548738399
110298.27674415961,37.16972732543945,-26.77792323722572,153.02922187109618
110744.82847186876,28.24348640441895,-26.77901543715284,153.02487652765274
111191.3801995779,17.05396842956543,-26.77940716612365,153.02034099683806
111637.93192728705,22.24143600463867,-26.77979875067861,153.01580543472937
112084.4836549962,31.08688545227051,-26.78229180618447,153.01242365222083
112531.03538270535,37.5463981628418,-26.78611936001179,153.01095454630035
112977.5871104145,37.29474258422852,-26.78953952391828,153.00848724287493
113424.13883812365,33.13198471069336,-26.79263178221326,153.00566164256577
113870.6905658328,46.47464752197266,-26.79474741564283,153.0017691484676
114317.24229354195,36.8539924621582,-26.7956621276222,152.99734812760994
114763.79402125109,36.11865615844727,-26.79673130568314,152.99297067858936
115210.34574896024,26,-26.79829510702458,152.98876343005884
115656.89747666939,32.38883590698242,-26.80066766502628,152.98509641682858
116103.44920437854,34.48162841796875,-26.80322812555341,152.98155483222763
116550.00093208769,45.65110778808594,-26.80578849796816,152.97801308770954
116996.55265979684,38.68973922729492,-26.80763348280136,152.97397266075836
117443.10438750598,38.39421463012695,-26.8093373842241,152.9698338615059
117889.65611521513,37.03992462158203,-26.80909880128613,152.9656215407607
118336.20784292428,42.77362060546875,-26.80642515844245,152.96218636427113
118782.75957063343,46.84745025634766,-26.80441104172952,152.95840902268094
119229.31129834258,54.34267425537109,-26.80196540249595,152.95478823452322
119675.86302605172,79.67475891113281,-26.80013180181808,152.95074945165152
120122.41475376087,104.1424407958984,-26.79879631225466,152.94644483819866
120568.96648147002,147.9846038818359,-26.79727473854694,152.94228862853004
121015.51820917916,196.7691497802734,-26.79442600628291,152.93903525809594
121462.06993688832,228.6007843017578,-26.79444314732816,152.93457964147228
121908.62166459746,275.6048583984375,-26.79644089454959,152.93084031558715
122355.17339230662,318.3319091796875,-26.79493028629222,152.92660881228278
122801.72512001576,350.7348937988281,-26.79185671782959,152.92364802948623
123248.2768477249,384.2543334960938,-26.78832181577052,152.92139273140322
123694.82857543406,391.0480651855469,-26.78437450135088,152.9204060602533
124141.3803031432,396.2010498046875,-26.78115796848703,152.91803615935487
124587.93203085236,417.2530517578125,-26.77984314570655,152.91372397668783
125034.4837585615,424.9797668457031,-26.77876192660429,152.909337292244
125481.03548627064,422.5941162109375,-26.77785029270285,152.90489651444057
125927.5872139798,425.7561645507812,-26.77597164211357,152.9009283531883
126374.13894168894,440.6048278808594,-26.77532113100177,152.89658282964047
126820.6906693981,438.6346740722656,-26.7752242071651,152.8920275745154
127267.24239710724,425.5605773925781,-26.77180433888219,152.88974128005702
127713.7941248164,445.29541015625,-26.76882997676157,152.8869061797027
128160.34585252554,441.3995971679688,-26.76894439977557,152.88258661283794
128606.89758023468,430.4797973632812,-26.76864430598109,152.87810268169903
129053.44930794384,440.5143127441406,-26.76894674527241,152.87360156493355
129500.00103565298,438.0374145507812,-26.76961302422913,152.8691136542252
129946.55276336214,431.2481994628906,-26.7703764653785,152.86533366429512
130393.10449107128,404.4647216796875,-26.76712710746953,152.8626542347074
130839.65621878042,416.7215576171875,-26.76419549696942,152.85953007174362
131286.20794648957,419.439697265625,-26.76151496375709,152.85617580707526
131732.75967419872,420.0558471679688,-26.76157621474966,152.85601471592702
132179.31140190788,415.7627868652344,-26.76410674514675,152.85957599324126
132625.86312961704,404.6569519042969,-26.76719831894597,152.86247493640985
133072.41485732616,430.4064331054688,-26.77050503072562,152.86512878998371
133518.96658503532,438.3900146484375,-26.76973811576726,152.86913538736917
133965.51831274448,439.5825805664062,-26.76904138187107,152.8736243749097
134412.0700404536,428.1014099121094,-26.76890940414872,152.87811816275712
134858.62176816276,440.9154968261719,-26.76879104326341,152.88258673045357
135305.17349587192,445.0009155273438,-26.76876279324192,152.88699418693477
135751.72522358107,427.6135864257812,-26.77196855525523,152.88942427400957
136198.2769512902,432.4512939453125,-26.77502169397683,152.89213825914453
136644.82867899936,442.6856689453125,-26.77519322355911,152.89630283231168
137091.38040670851,425.895263671875,-26.77609601154026,152.90045043575094
137537.93213441764,420.1170959472656,-26.77766056878715,152.90454810822416
137984.4838621268,419.2986755371094,-26.77872357372862,152.90894644087507
138431.03558983596,415.8541870117188,-26.77977045932157,152.9133496751466
138877.58731754508,383.1395874023438,-26.78135428340885,152.91752201162308
139324.13904525424,391.0906066894531,-26.78420101479145,152.92013045663043
139770.6907729634,380.2154541015625,-26.78806354236115,152.9214831658104
140217.24250067255,353.6212463378906,-26.79167641090946,152.92353076375457
140663.79422838168,315.4746398925781,-26.79467573664745,152.92653755680908
141110.34595609084,276.2676391601562,-26.7963729263073,152.9304590121494
141556.8976838,221.5188903808594,-26.7950123683765,152.93475393122446
142003.44941150912,192.6630554199219,-26.79479322187857,152.9388533457428
142450.00113921828,145.7601013183594,-26.79723664006876,152.94249704764115
142896.55286692744,112.954704284668,-26.79931559211202,152.94630861637756
143343.1045946366,81.61673736572266,-26.79986446644881,152.95082446661877
143789.65632234572,58.65296936035156,-26.80217048281681,152.95457298181327
144236.20805005488,47.12194061279297,-26.80444664356759,152.95835032121408
144682.75977776403,42.91830444335938,-26.80673957229184,152.96211488119934
145129.31150547316,37.19287872314453,-26.80906573242899,152.96585405510712
145575.86323318232,33.84917449951172,-26.81259356067651,152.96543034316414
146022.41496089147,35.02150726318359,-26.81626842989875,152.963541519273
146468.96668860063,34.61819839477539,-26.82012269043831,152.96212021377096
146915.51841630976,33.03416442871094,-26.82410474629209,152.96118817379
147362.07014401892,30.10856056213379,-26.82808681302165,152.96025616052498
147808.62187172807,38.96866226196289,-26.83207288287691,152.95934585608666
148255.1735994372,35.19417190551758,-26.83607105242254,152.95857092750214
148701.72532714636,35.77962875366211,-26.84013904551774,152.95857720520212
149148.2770548555,35.06543350219727,-26.84420202851546,152.95841150991066
149594.82878256467,27.90461158752441,-26.84826099111406,152.95810781340856
150041.3805102738,27.61256790161133,-26.85216249875403,152.95923784714967
150487.93223798295,28.87170600891113,-26.85603457377399,152.96063585993613
150934.4839656921,30.76082038879395,-26.86000899886335,152.9615707457449
151381.03569340124,30.01871871948242,-26.8640147150194,152.96223458741383
151827.5874211104,22.72823333740234,-26.86801010747124,152.96137687100543
152274.13914881955,25.56579399108887,-26.87200968288272,152.96054512453452
152720.69087652868,23.50594329833984,-26.87596958101526,152.96070035064884
153167.24260423784,31.34779930114746,-26.87983236854804,152.96212757854096
153613.794331947,30.2590503692627,-26.8838044599417,152.96215973696053
154060.34605965615,31.86276435852051,-26.88782828097276,152.961490648501
154506.89778736528,30.94046020507812,-26.89182818689464,152.96070834562192
154953.44951507443,29.11797714233398,-26.89560430971708,152.95905100961704
155400.0012427836,29.72010612487793,-26.89965967556024,152.95941019056204
155846.55297049272,32.64544677734375,-26.90370329150467,152.95944025779147
156293.10469820187,33.98609161376953,-26.90772007488387,152.95871868134213
156739.65642591103,39.25210571289062,-26.91176899923342,152.95839160254502
157186.2081536202,41.29933166503906,-26.91583588501041,152.95828497886703
157632.75988132932,38.45560455322266,-26.91988440210297,152.95861191887366
158079.31160903847,37.50570678710938,-26.92375619048868,152.95749455444934
158525.86333674763,26.96893882751465,-26.927823285583,152.95759062342086
158972.41506445676,31.12797164916992,-26.93189038061227,152.95768669932045
159418.9667921659,31.3397388458252,-26.9358738179098,152.95697531403118
159865.51851987507,25.66426277160645,-26.93980946790062,152.95619863235254
160312.07024758423,32.63595581054688,-26.94372626673472,152.95743116830693
160758.62197529335,36.17911148071289,-26.94765526435524,152.95861132739094
161205.1737030025,39.36529159545898,-26.95160931545319,152.95968387528217
161651.72543071167,45.04875183105469,-26.95561477993867,152.96030497614538
162098.2771584208,38.26178359985352,-26.95968219606375,152.96038209645735
162544.82888612995,32.57411575317383,-26.96374961214687,152.96045922233873
162991.3806138391,33.63921356201172,-26.96778099346986,152.96091666762095
163437.93234154824,35.78849411010742,-26.97177194950468,152.96180076987434
163884.4840692574,31.38505935668945,-26.97531528274323,152.9636951077016
164331.03579696655,30.73726081848145,-26.97835235958364,152.9667319797352
164777.5875246757,23.62706184387207,-26.98138937134476,152.96976901566063
165224.13925238483,22.91918182373047,-26.98442631801454,152.9728062155043
165670.690980094,33.23564147949219,-26.98626909286875,152.97676165180872
166117.24270780315,24.99395942687988,-26.98860583292984,152.97981755781336
166563.79443551227,19.61148071289062,-26.9925125254457,152.97854475036684
167010.34616322143,16.5612621307373,-26.99649989033516,152.9778328359556
167456.8978909306,17.71316719055176,-27.00056502645131,152.97766164183804
167903.44961863974,23.9317455291748,-27.00463016236053,152.97749043534202
168350.00134634887,27.5359001159668,-27.00869529806277,152.9773192164647
168796.55307405803,21.38799095153809,-27.01276043355798,152.9771479852028
169243.1048017672,26.08057594299316,-27.01682433695889,152.9773366775886
169689.6565294763,26.61880683898926,-27.02088817980585,152.97754298987968
170136.20825718547,27.98007774353027,-27.02495202235212,152.97774931709682
170582.75998489463,37.63102722167969,-27.02901586459762,152.97795565924366
171029.31171260378,39.87370300292969,-27.03307969740936,152.97815776850734
171475.8634403129,39.09915542602539,-27.03714260429188,152.9779293737771
171922.41516802207,33.87530136108398,-27.04120551080575,152.97770096251554
172368.96689573122,20.78502082824707,-27.04526841695088,152.97747253471834
172815.51862344035,14,-27.04933132272717,152.97724409038187
173262.0703511495,11.95308589935303,-27.05339422813453,152.9770156295018
173708.62207885867,8,-27.05746003467748,152.9771114246754
174155.17380656782,10.26529121398926,-27.06152620768849,152.97724820107396
174601.72553427695,10.53549957275391,-27.06559238056721,152.97738498739068
175048.2772619861,9.336275100708008,-27.0696585533136,152.97752178362828
175494.82898969526,11.89448642730713,-27.07369258059242,152.97699358974683
175941.3807174044,11.01863956451416,-27.0777216672706,152.97636320101776
176387.93244511355,8.903362274169922,-27.08175075113748,152.97573276696176
176834.4841728227,12.81858730316162,-27.08580032693231,152.9755847837314
177281.03590053183,5.643772125244141,-27.08986454797283,152.97578160606372
177727.587628241,9.495458602905273,-27.0939287687392,152.9759784426792
178174.13935595014,12.68429851531982,-27.09799298923136,152.97617529358126
178620.6910836593,17.81056785583496,-27.10205720944925,152.97637215877353
179067.24281136843,9.698933601379395,-27.1061214293928,152.97656903825953
179513.7945390776,15.57602787017822,-27.11018564906193,152.97676593204267
179960.34626678674,19.13872718811035,-27.11424986845658,152.9769628401267
180406.89799449587,12.32173538208008,-27.11831408757669,152.97715976251493
180853.44972220503,12.22935009002686,-27.12237830642218,152.97735669921133
181300.00144991418,11.71013355255127,-27.126442524993,152.97755365021885
181746.55317762334,17.00098991394043,-27.13050674328906,152.97775061554148
182193.10490533247,20.42487144470215,-27.13457243730758,152.97786285453992
182639.65663304162,18.51232528686523,-27.13864040222678,152.977844714076
183086.20836075078,17.0504150390625,-27.14270836714365,152.97782657229186
183532.7600884599,17.14968681335449,-27.1467763320582,152.97780842918678
183979.31181616907,13.24366474151611,-27.1508442969704,152.97779028476066
184425.86354387822,11.4973316192627,-27.15487968036127,152.97815916519676
184872.41527158738,12.79433631896973,-27.15887243094802,152.97903446628266
185318.9669992965,8.789604187011719,-27.16286517610363,152.97990982995634
185765.51872700566,14.76919841766357,-27.16685791582678,152.98078525623282
186212.07045471482,16.96510887145996,-27.17084503978342,152.98168948609248
186658.62218242395,19.31200981140137,-27.17479708679404,152.98277344471967
187105.1739101331,27.70995140075684,-27.17874912547219,152.98385748011697
187551.72563784226,35.21207809448242,-27.18270115581586,152.98494159230222
187998.2773655514,35.72480773925781,-27.18665317782304,152.9860257812942
188444.82909326055,24.51484298706055,-27.19061894388754,152.987039908234
188891.3808209697,32.42214202880859,-27.19461018728007,152.98792413250192
189337.93254867886,35.71645736694336,-27.19860142512521,152.98880842006872
189784.484276388,30.12059020996094,-27.2025926574216,152.98969277094977
190231.03600409714,35.90628814697266,-27.20658388416789,152.99057718516065
190677.5877318063,26.66685485839844,-27.21049463888261,152.99173057836867
191124.13945951543,23.95879936218262,-27.21414958481097,152.99373891336631
191570.69118722458,22.39492034912109,-27.21780450210771,152.9957473801303
192017.24291493374,31.16479873657227,-27.22145939076644,152.99775597868916
192463.7946426429,37.80985260009766,-27.22511425078081,152.99976470907097
192910.34637035202,34.43159103393555,-27.22876908214444,153.00177357130417
193356.89809806118,34.64226531982422,-27.23242388485095,153.00378256541694
193803.44982577034,29.60214233398438,-27.23607865889397,153.0057916914377
194250.00155347947,30.36123275756836,-27.23927391885096,153.0084971165909
194696.55328118862,21.36204147338867,-27.24204167621775,153.01185030777924
195143.10500889778,17.2584342956543,-27.24480935371418,153.01520366576358
195589.65673660694,10.8989782333374,-27.24818836958437,153.0175223857019
196036.20846431606,16.84392547607422,-27.25200895507605,153.01909383234988
196482.76019202522,28.42738151550293,-27.25605229928376,153.01905618977094
196929.31191973438,32.45291137695312,-27.26011677682949,153.0188658772014
197375.8636474435,18.41054725646973,-27.26418125411781,153.01867555071885
197822.41537515266,15.35792255401611,-27.26824573114866,153.0184852103198
198268.96710286182,6.948276996612549,-27.272310207922,153.01829485600092
198715.51883057095,14.03001499176025,-27.27635737349103,153.01828538023756
199162.0705582801,8.417356491088867,-27.28029266888436,153.01944488586923
199608.62228598926,7.740957736968994,-27.28422795471815,153.02060447364408
200055.17401369842,12.99237155914307,-27.28820111104593,153.01985480860492
200501.72574140754,1.221717715263367,-27.29217845193936,153.01889382173022
200948.2774691167,5.09490442276001,-27.29615578626446,153.01793276601336
201394.82919682586,4.713274955749512,-27.30008010812864,153.01672751885258
201841.38092453498,8.074447631835938,-27.30395972333493,153.0153987534195
202287.93265224414,9.488162994384766,-27.30748954426846,153.01312305725048
202734.4843799533,8.76102066040039,-27.31138968769642,153.01231366927937
203181.03610766245,10.00166988372803,-27.3154552466758,153.01216138783434
203627.58783537158,13.49825954437256,-27.31941534140696,153.01320893806997
204074.13956308074,15.95920467376709,-27.32342081717995,153.0129673130259
204520.6912907899,13.57576942443848,-27.32744213267295,153.01227562089923
204967.24301849902,17.17762184143066,-27.33146344476009,153.01158387859823
205413.79474620818,22.47686958312988,-27.33548475344055,153.01089208611097
205860.34647391734,20.50795745849609,-27.33948659446569,153.01053954668362
206306.8982016265,24.29306602478027,-27.34339544182199,153.0118079748239
206753.44992933562,36.02093887329102,-27.34730427772046,153.01307649246132
207200.00165704478,32.27256393432617,-27.35121310215838,153.014345099617
207646.55338475393,22.81282615661621,-27.35509214317034,153.0157097263824
208093.10511246306,22.32688331604004,-27.35892806673484,153.01707624545782
208539.65684017222,28.67040252685547,-27.36299248238258,153.01726089007116
208986.20856788137,30.62594795227051,-27.36705922570936,153.01737459929177
209432.76029559053,37.96819305419922,-27.37026086083448,153.01999274486582
209879.31202329966,37.39267349243164,-27.3733049207111,153.0230285432409
210325.86375100882,31.66860580444336,-27.3760284159233,153.02643138017515
210772.41547871797,22.11237907409668,-27.37916993942964,153.02905196723282
211218.9672064271,28.74537086486816,-27.38311530012188,153.03016836763163
211665.51893413626,28.38615036010742,-27.38712122773302,153.03077380065906
212112.0706618454,28.27447700500488,-27.39118847178147,153.0308619440067
212558.62238955454,22.95332908630371,-27.39525389236614,153.0309874572166
213005.1741172637,26.3565731048584,-27.39930521124668,153.03140193310844
213451.72584497285,25.07715606689453,-27.40335652890213,153.0318164393832
213898.277572682,19.04449272155762,-27.40740377137946,153.03227835550626
214344.82930039114,21.55744934082031,-27.41131336402301,153.03339257371863
214791.3810281003,13.76938724517822,-27.41476137003612,153.03575303521927
215237.93275580945,26.87740707397461,-27.41828671333059,153.0361719199093
215684.48448351858,27.82370758056641,-27.42206907815034,153.03448589197183
216131.03621122774,28.40145111083984,-27.42592312218196,153.03308164493728
216577.5879389369,22.28409576416016,-27.42994759117382,153.0324129750676
217024.13966664605,10.26894950866699,-27.43397205697471,153.03174425644238
217470.69139435518,17.24199485778809,-27.43802536488316,153.0318315154624
217917.24312206433,5.918282508850098,-27.44208591749546,153.03210869072052
218363.7948497735,5.487666606903076,-27.44602632453448,153.03242679939694
218810.34657748262,16.66514015197754,-27.44926380027824,153.0297155048022
219256.89830519177,19.6329460144043,-27.4519555249929,153.02629942821966
219703.45003290093,19.99898719787598,-27.45483040351686,153.0232046166285
220150.0017606101,25.70541000366211,-27.45692287160261,153.01976148212316
220596.55348831922,40.23541641235352,-27.45770502256904,153.01526345845264
221043.10521602837,33.90868377685547,-27.46001296187555,153.0122962794278
221489.65694373753,14.44193840026855,-27.46394121691675,153.01110496132821
221936.20867144666,9.309744834899902,-27.46798396921512,153.01090583820792
222382.7603991558,8.222107887268066,-27.4710689239844,153.00831301552228
222829.31212686497,6.513374328613281,-27.47388402119483,153.00500313321163
223275.8638545741,15.7749195098877,-27.47669904013773,153.00169308177465
223722.41558228325,10.16278553009033,-27.47964178581703,152.9985406666999
224168.9673099924,9.029228210449219,-27.48282227879294,152.9956817205575
224615.51903770157,18.85307121276855,-27.48624178068994,152.9933445661028
225062.0707654107,11.0975284576416,-27.49003818870598,152.99405944150476
225508.62249311985,17.68593215942383,-27.49283140205062,152.99653119152777
225955.174220829,14.43346500396729,-27.49449545322115,153.00071588184858
226401.72594853814,8.041997909545898,-27.49400818659022,153.0051863827573
226848.2776762473,8.915940284729004,-27.49425861525882,153.00972917874765
227294.82940395645,6.209473609924316,-27.4922601987825,153.01232706301425
227741.3811316656,8.535813331604004,-27.49415397781878,153.01620733114657
228187.93285937473,10.38989543914795,-27.49728000000001,153.0190100000002